stream_id,user_id,started_at,ended_at,category,title
1,1,2025-04-09 14:09:08,2025-04-09 15:38:08,Cooking,Stream 1
2,1,2025-05-03 13:48:55,2025-05-03 17:45:55,Art,Stream 2
3,1,2025-08-29 17:11:24,2025-08-29 20:50:24,Cooking,Stream 3
4,1,2025-01-04 00:57:55,2025-01-04 02:53:55,Tech,Stream 4
5,1,2025-04-30 20:45:55,2025-05-01 00:36:55,Talk,Stream 5
6,1,2025-04-19 14:15:22,2025-04-19 16:59:22,Cooking,Stream 6
7,4,2025-03-29 05:15:52,2025-03-29 05:28:52,Gaming,Stream 7
8,4,2025-02-27 03:53:02,2025-02-27 06:37:02,Music,Stream 8
9,5,2025-03-14 01:02:46,2025-03-14 01:14:46,Gaming,Stream 9
10,5,2025-03-12 23:25:50,2025-03-13 02:12:50,Gaming,Stream 10
11,5,2025-02-04 01:41:59,2025-02-04 02:02:59,Art,Stream 11
12,5,2025-07-06 07:15:24,2025-07-06 10:49:24,Art,Stream 12
13,5,2025-02-03 13:58:31,2025-02-03 14:30:31,Music,Stream 13
14,5,2025-04-16 07:23:48,2025-04-16 07:56:48,Gaming,Stream 14
15,7,2025-02-14 22:59:36,2025-02-15 01:45:36,Talk,Stream 15
16,11,2025-02-21 04:49:47,2025-02-21 05:19:47,Art,Stream 16
17,11,2025-04-15 10:43:15,2025-04-15 12:09:15,Talk,Stream 17
18,11,2025-08-05 09:30:30,2025-08-05 09:40:30,Talk,Stream 18
19,11,2025-05-12 10:17:20,2025-05-12 10:34:20,Tech,Stream 19
20,11,2025-07-08 11:40:51,2025-07-08 15:01:51,Cooking,Stream 20
21,11,2025-09-15 17:20:01,2025-09-15 21:02:01,Talk,Stream 21
22,11,2025-01-16 15:02:02,2025-01-16 15:14:02,Sports,Stream 22
23,11,2025-09-23 03:34:44,2025-09-23 05:07:44,Sports,Stream 23
24,14,2025-01-25 19:35:01,2025-01-25 22:04:01,Music,Stream 24
25,14,2025-02-16 20:55:06,2025-02-17 00:29:06,Talk,Stream 25
26,14,2025-03-29 15:52:34,2025-03-29 15:57:34,Cooking,Stream 26
27,14,2025-04-14 10:29:52,2025-04-14 13:49:52,Art,Stream 27
28,14,2025-01-28 00:09:31,2025-01-28 01:43:31,Sports,Stream 28
29,14,2025-02-18 17:53:39,2025-02-18 20:55:39,Art,Stream 29
30,14,2025-04-05 18:00:25,2025-04-05 20:36:25,Talk,Stream 30
31,14,2025-09-21 09:29:14,2025-09-21 12:01:14,Music,Stream 31
32,14,2025-05-26 07:49:03,2025-05-26 10:53:03,Music,Stream 32
33,14,2025-09-13 06:02:10,2025-09-13 06:35:10,Tech,Stream 33
34,14,2025-02-11 17:51:03,2025-02-11 21:17:03,Tech,Stream 34
35,14,2025-02-23 22:51:44,2025-02-24 00:19:44,Talk,Stream 35
36,15,2025-07-25 14:22:00,2025-07-25 18:15:00,Tech,Stream 36
37,15,2025-02-14 15:22:09,2025-02-14 19:14:09,Tech,Stream 37
38,16,2025-07-10 07:30:16,2025-07-10 08:52:16,Talk,Stream 38
39,17,2025-09-14 06:13:47,2025-09-14 07:55:47,Tech,Stream 39
40,17,2025-04-30 16:46:52,2025-04-30 17:23:52,Cooking,Stream 40
41,17,2025-01-18 12:41:16,2025-01-18 15:14:16,Talk,Stream 41
42,17,2025-09-25 05:39:18,2025-09-25 09:26:18,Art,Stream 42
43,17,2025-08-19 20:09:39,2025-08-19 23:23:39,Talk,Stream 43
44,17,2025-03-28 16:51:46,2025-03-28 18:48:46,Tech,Stream 44
45,17,2025-05-12 21:05:12,2025-05-12 22:09:12,Music,Stream 45
46,19,2025-08-25 23:24:00,2025-08-26 03:15:00,Tech,Stream 46
47,19,2025-05-02 18:29:05,2025-05-02 19:23:05,Talk,Stream 47
48,19,2025-06-04 22:28:34,2025-06-04 23:12:34,Tech,Stream 48
49,19,2025-03-21 09:00:50,2025-03-21 12:10:50,Talk,Stream 49
50,19,2025-09-25 12:41:35,2025-09-25 13:27:35,Music,Stream 50
51,19,2025-06-17 06:53:28,2025-06-17 08:04:28,Tech,Stream 51
52,27,2025-03-26 23:57:12,2025-03-27 00:28:12,Music,Stream 52
53,27,2025-07-16 05:29:46,2025-07-16 06:11:46,Art,Stream 53
54,28,2025-06-02 15:50:06,2025-06-02 17:05:06,Music,Stream 54
55,28,2025-02-25 23:13:41,2025-02-26 03:11:41,Gaming,Stream 55
56,28,2025-05-24 07:30:59,2025-05-24 11:21:59,Sports,Stream 56
57,28,2025-08-26 01:14:07,2025-08-26 01:22:07,Sports,Stream 57
58,28,2025-08-12 08:05:57,2025-08-12 10:18:57,Tech,Stream 58
59,34,2025-08-26 00:48:18,2025-08-26 01:29:18,Talk,Stream 59
60,34,2025-07-27 00:12:03,2025-07-27 03:26:03,Music,Stream 60
61,34,2025-08-09 20:53:52,2025-08-09 23:28:52,Tech,Stream 61
62,34,2025-08-04 08:19:18,2025-08-04 11:14:18,Tech,Stream 62
63,34,2025-04-28 06:36:30,2025-04-28 09:25:30,Gaming,Stream 63
64,38,2025-08-10 11:23:47,2025-08-10 12:34:47,Tech,Stream 64
65,38,2025-02-20 15:16:35,2025-02-20 16:23:35,Art,Stream 65
66,38,2025-07-24 22:55:24,2025-07-24 23:40:24,Talk,Stream 66
67,38,2025-08-05 17:34:34,2025-08-05 19:35:34,Gaming,Stream 67
68,38,2025-07-29 18:52:08,2025-07-29 21:49:08,Tech,Stream 68
69,38,2025-04-04 23:49:45,2025-04-05 01:17:45,Art,Stream 69
70,38,2025-01-06 14:09:08,2025-01-06 17:46:08,Sports,Stream 70
71,38,2025-02-24 01:23:19,2025-02-24 02:32:19,Cooking,Stream 71
72,42,2025-03-24 07:16:29,2025-03-24 09:33:29,Talk,Stream 72
73,42,2025-02-21 20:55:08,2025-02-21 22:56:08,Cooking,Stream 73
74,42,2025-04-15 17:19:15,2025-04-15 19:35:15,Gaming,Stream 74
75,42,2025-07-09 18:59:38,2025-07-09 20:31:38,Sports,Stream 75
76,46,2025-08-22 07:38:56,2025-08-22 10:38:56,Music,Stream 76
77,46,2025-07-20 18:42:23,2025-07-20 22:02:23,Gaming,Stream 77
78,46,2025-07-02 23:12:47,2025-07-02 23:31:47,Talk,Stream 78
79,46,2025-05-21 13:54:08,2025-05-21 15:41:08,Gaming,Stream 79
80,46,2025-01-07 02:44:14,2025-01-07 04:36:14,Sports,Stream 80
81,46,2025-06-30 21:07:24,2025-06-30 22:19:24,Gaming,Stream 81
82,46,2025-04-25 11:02:59,2025-04-25 14:16:59,Sports,Stream 82
83,46,2025-09-27 07:58:13,2025-09-27 11:28:13,Sports,Stream 83
84,46,2025-08-25 07:43:08,2025-08-25 08:30:08,Music,Stream 84
85,46,2025-02-05 23:05:38,2025-02-05 23:59:38,Sports,Stream 85
86,46,2025-04-26 05:19:31,2025-04-26 06:54:31,Tech,Stream 86
87,46,2025-07-31 17:02:34,2025-07-31 18:22:34,Art,Stream 87
88,54,2025-03-06 17:05:25,2025-03-06 18:40:25,Art,Stream 88
89,54,2025-04-28 09:44:11,2025-04-28 12:49:11,Sports,Stream 89
90,54,2025-05-10 15:30:50,2025-05-10 18:28:50,Music,Stream 90
91,54,2025-09-04 00:05:53,2025-09-04 03:36:53,Tech,Stream 91
92,54,2025-05-24 13:02:00,2025-05-24 14:09:00,Tech,Stream 92
93,54,2025-06-04 11:39:45,2025-06-04 13:46:45,Sports,Stream 93
94,54,2025-08-08 22:41:45,2025-08-09 01:29:45,Gaming,Stream 94
95,54,2025-07-05 05:33:41,2025-07-05 06:55:41,Art,Stream 95
96,54,2025-07-17 02:04:39,2025-07-17 02:30:39,Art,Stream 96
97,55,2025-06-16 05:06:42,2025-06-16 07:26:42,Art,Stream 97
98,55,2025-06-26 23:03:09,2025-06-27 01:37:09,Gaming,Stream 98
99,55,2025-01-06 07:38:12,2025-01-06 08:01:12,Tech,Stream 99
100,55,2025-05-31 09:06:11,2025-05-31 11:46:11,Gaming,Stream 100
101,55,2025-03-15 08:30:23,2025-03-15 09:22:23,Art,Stream 101
102,55,2025-08-20 12:36:49,2025-08-20 16:01:49,Music,Stream 102
103,55,2025-04-17 14:39:14,2025-04-17 18:06:14,Cooking,Stream 103
104,55,2025-03-27 22:11:30,2025-03-28 02:04:30,Tech,Stream 104
105,55,2025-02-16 19:58:13,2025-02-16 23:24:13,Tech,Stream 105
106,55,2025-06-02 07:11:09,2025-06-02 09:22:09,Tech,Stream 106
107,56,2025-02-10 15:58:06,2025-02-10 18:54:06,Gaming,Stream 107
108,56,2025-03-02 09:37:47,2025-03-02 11:29:47,Music,Stream 108
109,56,2025-03-13 17:13:48,2025-03-13 19:24:48,Cooking,Stream 109
110,56,2025-01-30 17:38:07,2025-01-30 19:42:07,Music,Stream 110
111,60,2025-09-09 08:58:37,2025-09-09 11:10:37,Music,Stream 111
112,60,2025-01-04 05:50:18,2025-01-04 09:30:18,Talk,Stream 112
113,60,2025-08-28 20:28:57,2025-08-28 22:40:57,Tech,Stream 113
114,60,2025-06-01 16:57:28,2025-06-01 18:37:28,Sports,Stream 114
115,60,2025-08-03 02:44:42,2025-08-03 03:35:42,Tech,Stream 115
116,60,2025-07-04 23:09:38,2025-07-05 01:59:38,Gaming,Stream 116
117,60,2025-01-11 22:11:51,2025-01-11 22:27:51,Tech,Stream 117
118,60,2025-06-19 03:25:17,2025-06-19 05:40:17,Sports,Stream 118
119,60,2025-09-06 05:15:38,2025-09-06 05:28:38,Music,Stream 119
120,60,2025-08-01 22:45:56,2025-08-01 23:22:56,Talk,Stream 120
121,60,2025-02-18 23:59:39,2025-02-19 01:37:39,Talk,Stream 121
122,60,2025-08-31 19:08:03,2025-08-31 21:34:03,Art,Stream 122
123,61,2025-05-26 15:50:41,2025-05-26 17:22:41,Sports,Stream 123
124,61,2025-05-09 20:10:17,2025-05-09 20:28:17,Art,Stream 124
125,61,2025-05-29 10:39:48,2025-05-29 12:14:48,Art,Stream 125
126,61,2025-09-10 14:41:57,2025-09-10 16:11:57,Cooking,Stream 126
127,62,2025-09-17 12:33:14,2025-09-17 13:30:14,Tech,Stream 127
128,62,2025-09-10 04:17:37,2025-09-10 05:46:37,Music,Stream 128
129,62,2025-06-12 10:53:39,2025-06-12 11:30:39,Cooking,Stream 129
130,62,2025-02-14 01:27:29,2025-02-14 03:14:29,Tech,Stream 130
131,62,2025-07-27 19:51:26,2025-07-27 22:22:26,Gaming,Stream 131
132,68,2025-06-03 03:57:01,2025-06-03 04:03:01,Gaming,Stream 132
133,68,2025-04-08 17:17:46,2025-04-08 19:57:46,Art,Stream 133
134,68,2025-01-31 18:14:06,2025-01-31 22:11:06,Cooking,Stream 134
135,68,2025-07-12 22:27:11,2025-07-12 23:09:11,Tech,Stream 135
136,68,2025-02-12 07:44:12,2025-02-12 07:59:12,Tech,Stream 136
137,68,2025-08-23 22:45:56,2025-08-24 02:05:56,Music,Stream 137
138,68,2025-02-21 06:36:03,2025-02-21 10:23:03,Gaming,Stream 138
139,69,2025-02-21 23:52:26,2025-02-22 00:00:26,Talk,Stream 139
140,69,2025-03-13 11:15:46,2025-03-13 13:43:46,Tech,Stream 140
141,69,2025-05-13 10:59:49,2025-05-13 11:51:49,Sports,Stream 141
142,69,2025-01-18 11:35:43,2025-01-18 11:45:43,Sports,Stream 142
143,69,2025-01-28 18:07:23,2025-01-28 20:37:23,Cooking,Stream 143
144,69,2025-01-21 04:19:37,2025-01-21 07:42:37,Art,Stream 144
145,69,2025-08-04 20:56:48,2025-08-04 23:59:48,Sports,Stream 145
146,70,2025-02-04 00:30:52,2025-02-04 03:29:52,Sports,Stream 146
147,70,2025-03-21 17:18:37,2025-03-21 20:40:37,Sports,Stream 147
148,70,2025-02-22 03:01:09,2025-02-22 05:50:09,Sports,Stream 148
149,70,2025-04-19 05:31:32,2025-04-19 08:16:32,Gaming,Stream 149
150,70,2025-08-07 00:10:26,2025-08-07 00:17:26,Tech,Stream 150
151,70,2025-03-04 03:12:32,2025-03-04 04:12:32,Art,Stream 151
152,70,2025-03-04 04:41:44,2025-03-04 06:46:44,Gaming,Stream 152
153,70,2025-05-22 20:42:58,2025-05-22 21:49:58,Sports,Stream 153
154,71,2025-04-06 01:49:31,2025-04-06 03:27:31,Art,Stream 154
155,71,2025-03-16 03:04:08,2025-03-16 04:24:08,Tech,Stream 155
156,71,2025-09-13 16:46:09,2025-09-13 19:42:09,Talk,Stream 156
157,71,2025-01-27 01:09:50,2025-01-27 01:16:50,Gaming,Stream 157
158,71,2025-01-08 23:41:28,2025-01-09 02:41:28,Art,Stream 158
159,71,2025-02-10 14:09:40,2025-02-10 15:33:40,Talk,Stream 159
160,71,2025-03-26 17:42:24,2025-03-26 20:22:24,Gaming,Stream 160
161,71,2025-06-11 13:22:57,2025-06-11 15:54:57,Tech,Stream 161
162,71,2025-08-13 17:06:17,2025-08-13 20:04:17,Music,Stream 162
163,71,2025-03-16 04:14:56,2025-03-16 05:51:56,Tech,Stream 163
164,71,2025-03-25 22:55:36,2025-03-26 02:25:36,Sports,Stream 164
165,71,2025-09-02 14:02:39,2025-09-02 17:26:39,Art,Stream 165
166,72,2025-05-20 20:38:13,2025-05-20 22:08:13,Talk,Stream 166
167,72,2025-05-24 02:12:27,2025-05-24 04:56:27,Tech,Stream 167
168,72,2025-06-20 22:03:26,2025-06-21 01:13:26,Gaming,Stream 168
169,72,2025-03-19 21:53:12,2025-03-20 01:31:12,Talk,Stream 169
170,72,2025-08-08 08:57:38,2025-08-08 10:38:38,Sports,Stream 170
171,72,2025-07-12 21:54:36,2025-07-13 01:16:36,Music,Stream 171
172,72,2025-08-20 10:18:53,2025-08-20 13:19:53,Gaming,Stream 172
173,72,2025-06-14 09:34:37,2025-06-14 10:47:37,Sports,Stream 173
174,77,2025-01-22 10:30:17,2025-01-22 14:08:17,Music,Stream 174
175,77,2025-03-17 09:58:13,2025-03-17 13:40:13,Art,Stream 175
176,77,2025-09-13 12:37:42,2025-09-13 14:58:42,Gaming,Stream 176
177,79,2025-09-06 13:53:55,2025-09-06 14:49:55,Art,Stream 177
178,79,2025-04-30 11:16:02,2025-04-30 13:56:02,Gaming,Stream 178
179,79,2025-07-22 16:56:30,2025-07-22 20:02:30,Music,Stream 179
180,79,2025-05-11 21:20:59,2025-05-12 00:37:59,Gaming,Stream 180
181,79,2025-07-17 16:44:16,2025-07-17 19:07:16,Gaming,Stream 181
182,79,2025-07-01 02:16:49,2025-07-01 03:20:49,Sports,Stream 182
183,79,2025-09-24 09:26:58,2025-09-24 13:17:58,Art,Stream 183
184,79,2025-09-25 11:41:13,2025-09-25 13:48:13,Cooking,Stream 184
185,79,2025-04-14 06:53:12,2025-04-14 07:52:12,Music,Stream 185
186,81,2025-04-03 10:33:04,2025-04-03 12:10:04,Cooking,Stream 186
187,81,2025-07-03 14:39:15,2025-07-03 18:03:15,Cooking,Stream 187
188,84,2025-05-07 01:37:25,2025-05-07 03:48:25,Talk,Stream 188
189,84,2025-02-24 13:31:55,2025-02-24 16:17:55,Sports,Stream 189
190,84,2025-02-11 05:41:07,2025-02-11 07:06:07,Cooking,Stream 190
191,92,2025-06-26 10:12:51,2025-06-26 12:29:51,Cooking,Stream 191
192,95,2025-02-18 01:13:21,2025-02-18 02:10:21,Art,Stream 192
193,97,2025-09-06 21:21:41,2025-09-06 23:51:41,Music,Stream 193
194,97,2025-05-14 10:11:17,2025-05-14 12:05:17,Gaming,Stream 194
195,97,2025-08-17 21:35:41,2025-08-18 01:09:41,Cooking,Stream 195
196,97,2025-03-09 09:14:51,2025-03-09 12:54:51,Gaming,Stream 196
197,97,2025-06-23 07:19:04,2025-06-23 08:10:04,Sports,Stream 197
198,97,2025-02-12 01:00:07,2025-02-12 01:18:07,Gaming,Stream 198
199,97,2025-07-09 16:41:07,2025-07-09 18:50:07,Art,Stream 199
200,97,2025-02-02 21:46:29,2025-02-03 00:34:29,Sports,Stream 200
201,97,2025-03-03 03:16:30,2025-03-03 04:26:30,Talk,Stream 201
202,97,2025-04-30 23:19:29,2025-04-30 23:46:29,Tech,Stream 202
203,99,2025-07-21 06:39:02,2025-07-21 08:38:02,Art,Stream 203
204,99,2025-03-23 13:30:16,2025-03-23 14:35:16,Tech,Stream 204
205,99,2025-04-24 06:16:00,2025-04-24 06:30:00,Talk,Stream 205
206,99,2025-06-30 02:09:29,2025-06-30 06:05:29,Cooking,Stream 206
207,99,2025-01-15 01:42:45,2025-01-15 02:53:45,Art,Stream 207
208,99,2025-09-20 23:32:42,2025-09-21 02:51:42,Sports,Stream 208
209,99,2025-01-29 03:40:45,2025-01-29 04:22:45,Talk,Stream 209
210,99,2025-01-03 07:14:36,2025-01-03 10:12:36,Tech,Stream 210
211,99,2025-06-02 21:28:24,2025-06-03 00:04:24,Sports,Stream 211
212,102,2025-02-23 17:08:18,2025-02-23 18:35:18,Talk,Stream 212
213,102,2025-05-12 14:12:04,2025-05-12 14:48:04,Talk,Stream 213
214,102,2025-09-04 13:49:20,2025-09-04 14:37:20,Sports,Stream 214
215,102,2025-05-03 05:12:42,2025-05-03 09:11:42,Tech,Stream 215
216,102,2025-01-07 17:02:08,2025-01-07 20:10:08,Music,Stream 216
217,102,2025-01-19 05:42:52,2025-01-19 09:20:52,Music,Stream 217
218,102,2025-02-09 22:31:28,2025-02-10 02:17:28,Talk,Stream 218
219,102,2025-03-13 16:17:01,2025-03-13 16:46:01,Sports,Stream 219
220,102,2025-01-12 22:52:41,2025-01-12 23:16:41,Sports,Stream 220
221,102,2025-06-23 11:44:39,2025-06-23 15:19:39,Music,Stream 221
222,102,2025-09-02 04:12:33,2025-09-02 06:57:33,Talk,Stream 222
223,107,2025-06-19 08:04:12,2025-06-19 11:17:12,Gaming,Stream 223
224,107,2025-04-03 16:26:02,2025-04-03 18:52:02,Music,Stream 224
225,107,2025-08-13 05:26:21,2025-08-13 06:39:21,Sports,Stream 225
226,113,2025-05-07 05:40:06,2025-05-07 05:51:06,Talk,Stream 226
227,113,2025-06-01 12:10:44,2025-06-01 15:40:44,Music,Stream 227
228,113,2025-05-14 17:52:37,2025-05-14 18:24:37,Talk,Stream 228
229,113,2025-08-22 17:33:53,2025-08-22 18:07:53,Music,Stream 229
230,113,2025-09-20 02:04:11,2025-09-20 04:50:11,Art,Stream 230
231,113,2025-04-19 20:23:12,2025-04-19 22:30:12,Art,Stream 231
232,113,2025-05-27 04:20:22,2025-05-27 05:30:22,Art,Stream 232
233,114,2025-07-06 15:43:50,2025-07-06 16:54:50,Music,Stream 233
234,114,2025-05-02 03:33:08,2025-05-02 05:17:08,Talk,Stream 234
235,114,2025-08-01 05:54:19,2025-08-01 06:13:19,Art,Stream 235
236,114,2025-05-31 05:15:20,2025-05-31 08:03:20,Gaming,Stream 236
237,118,2025-09-17 12:24:43,2025-09-17 14:39:43,Music,Stream 237
238,118,2025-08-15 00:04:12,2025-08-15 03:31:12,Art,Stream 238
239,118,2025-09-27 10:25:38,2025-09-27 11:17:38,Talk,Stream 239
240,118,2025-08-11 01:28:34,2025-08-11 05:26:34,Sports,Stream 240
241,118,2025-04-22 10:04:46,2025-04-22 12:35:46,Music,Stream 241
242,118,2025-03-12 06:33:29,2025-03-12 08:51:29,Art,Stream 242
243,118,2025-04-28 06:23:39,2025-04-28 07:18:39,Cooking,Stream 243
244,118,2025-02-10 03:10:58,2025-02-10 07:02:58,Cooking,Stream 244
245,119,2025-09-11 09:58:19,2025-09-11 10:47:19,Music,Stream 245
246,119,2025-03-12 22:17:52,2025-03-13 01:13:52,Tech,Stream 246
247,119,2025-04-09 21:13:26,2025-04-09 22:36:26,Music,Stream 247
248,119,2025-01-06 02:23:30,2025-01-06 05:25:30,Tech,Stream 248
249,119,2025-09-24 14:51:33,2025-09-24 18:31:33,Tech,Stream 249
250,119,2025-01-29 18:52:35,2025-01-29 22:24:35,Talk,Stream 250
251,119,2025-06-21 10:15:30,2025-06-21 13:55:30,Tech,Stream 251
252,119,2025-09-10 03:17:19,2025-09-10 03:25:19,Sports,Stream 252
253,119,2025-09-02 04:51:09,2025-09-02 08:39:09,Tech,Stream 253
254,119,2025-05-17 09:02:30,2025-05-17 09:54:30,Cooking,Stream 254
255,119,2025-07-07 01:20:06,2025-07-07 02:06:06,Tech,Stream 255
256,119,2025-07-10 20:55:55,2025-07-10 23:32:55,Art,Stream 256
257,128,2025-07-02 18:55:34,2025-07-02 20:54:34,Cooking,Stream 257
258,134,2025-03-03 12:59:15,2025-03-03 16:06:15,Music,Stream 258
259,134,2025-06-14 13:53:09,2025-06-14 16:25:09,Art,Stream 259
260,135,2025-05-30 03:55:14,2025-05-30 07:07:14,Sports,Stream 260
261,137,2025-09-20 00:56:00,2025-09-20 03:16:00,Art,Stream 261
262,137,2025-03-10 00:45:11,2025-03-10 01:52:11,Gaming,Stream 262
263,137,2025-04-25 22:32:23,2025-04-25 23:23:23,Music,Stream 263
264,137,2025-02-22 11:21:23,2025-02-22 12:30:23,Cooking,Stream 264
265,137,2025-01-16 00:42:29,2025-01-16 01:11:29,Tech,Stream 265
266,137,2025-04-10 09:31:04,2025-04-10 09:40:04,Art,Stream 266
267,137,2025-08-26 19:02:19,2025-08-26 20:08:19,Tech,Stream 267
268,137,2025-08-16 03:44:42,2025-08-16 05:18:42,Art,Stream 268
269,139,2025-04-02 01:38:40,2025-04-02 02:52:40,Gaming,Stream 269
270,139,2025-08-27 17:58:16,2025-08-27 20:32:16,Cooking,Stream 270
271,144,2025-02-26 04:26:35,2025-02-26 05:02:35,Sports,Stream 271
272,144,2025-03-12 19:43:08,2025-03-12 22:19:08,Music,Stream 272
273,144,2025-04-27 05:21:36,2025-04-27 08:17:36,Cooking,Stream 273
274,144,2025-08-25 14:26:24,2025-08-25 15:13:24,Art,Stream 274
275,144,2025-01-10 23:07:09,2025-01-11 00:51:09,Tech,Stream 275
276,145,2025-09-27 01:19:05,2025-09-27 03:05:05,Gaming,Stream 276
277,145,2025-07-05 12:19:34,2025-07-05 14:06:34,Music,Stream 277
278,145,2025-06-21 15:51:32,2025-06-21 19:31:32,Cooking,Stream 278
279,145,2025-06-14 14:35:06,2025-06-14 18:16:06,Cooking,Stream 279
280,145,2025-01-28 11:49:42,2025-01-28 14:06:42,Music,Stream 280
281,145,2025-06-30 09:04:34,2025-06-30 12:51:34,Sports,Stream 281
282,145,2025-01-06 13:16:06,2025-01-06 13:48:06,Cooking,Stream 282
283,148,2025-02-05 11:48:33,2025-02-05 13:43:33,Music,Stream 283
284,148,2025-09-16 00:45:29,2025-09-16 01:47:29,Music,Stream 284
285,148,2025-08-04 14:27:22,2025-08-04 17:50:22,Sports,Stream 285
286,149,2025-01-24 01:27:57,2025-01-24 01:40:57,Art,Stream 286
287,149,2025-05-17 22:41:59,2025-05-17 23:55:59,Tech,Stream 287
288,149,2025-01-19 22:37:09,2025-01-19 23:07:09,Talk,Stream 288
289,149,2025-03-04 18:56:37,2025-03-04 19:04:37,Sports,Stream 289
290,149,2025-05-02 01:26:06,2025-05-02 02:44:06,Gaming,Stream 290
291,149,2025-06-06 12:39:14,2025-06-06 15:29:14,Music,Stream 291
292,149,2025-03-03 02:11:48,2025-03-03 04:48:48,Cooking,Stream 292
293,149,2025-05-18 03:04:32,2025-05-18 05:08:32,Cooking,Stream 293
294,149,2025-03-17 16:01:08,2025-03-17 16:37:08,Cooking,Stream 294
295,149,2025-03-09 10:41:22,2025-03-09 14:40:22,Sports,Stream 295
296,149,2025-05-28 09:58:48,2025-05-28 11:05:48,Tech,Stream 296
297,151,2025-05-28 16:32:05,2025-05-28 19:13:05,Tech,Stream 297
298,151,2025-04-24 23:40:43,2025-04-25 01:23:43,Music,Stream 298
299,156,2025-07-07 16:46:48,2025-07-07 20:39:48,Cooking,Stream 299
300,156,2025-06-05 22:18:40,2025-06-06 00:25:40,Sports,Stream 300
301,156,2025-06-08 01:07:38,2025-06-08 02:14:38,Talk,Stream 301
302,156,2025-04-24 06:52:26,2025-04-24 09:08:26,Cooking,Stream 302
303,156,2025-07-16 21:19:26,2025-07-16 23:05:26,Gaming,Stream 303
304,156,2025-06-30 05:54:32,2025-06-30 09:39:32,Music,Stream 304
305,156,2025-06-15 20:16:01,2025-06-15 21:44:01,Sports,Stream 305
306,156,2025-05-19 10:22:11,2025-05-19 14:11:11,Music,Stream 306
307,156,2025-06-01 02:04:18,2025-06-01 05:26:18,Gaming,Stream 307
308,159,2025-02-04 22:03:39,2025-02-05 01:51:39,Talk,Stream 308
309,159,2025-08-14 23:56:48,2025-08-15 00:16:48,Cooking,Stream 309
310,159,2025-07-18 16:00:58,2025-07-18 17:35:58,Tech,Stream 310
311,160,2025-09-24 08:11:53,2025-09-24 11:09:53,Tech,Stream 311
312,160,2025-03-21 15:10:24,2025-03-21 16:41:24,Tech,Stream 312
313,164,2025-03-13 07:22:21,2025-03-13 10:04:21,Cooking,Stream 313
314,164,2025-05-22 18:51:04,2025-05-22 19:20:04,Tech,Stream 314
315,164,2025-09-01 09:46:56,2025-09-01 13:11:56,Tech,Stream 315
316,164,2025-03-07 15:02:17,2025-03-07 18:49:17,Gaming,Stream 316
317,164,2025-01-03 14:56:34,2025-01-03 18:17:34,Cooking,Stream 317
318,164,2025-03-02 18:07:38,2025-03-02 19:53:38,Cooking,Stream 318
319,169,2025-08-02 10:10:09,2025-08-02 13:58:09,Cooking,Stream 319
320,169,2025-02-26 13:49:09,2025-02-26 17:32:09,Sports,Stream 320
321,169,2025-08-23 10:29:16,2025-08-23 13:39:16,Talk,Stream 321
322,171,2025-06-30 14:13:27,2025-06-30 16:32:27,Cooking,Stream 322
323,171,2025-07-16 23:36:01,2025-07-17 01:03:01,Gaming,Stream 323
324,171,2025-09-13 13:51:35,2025-09-13 15:49:35,Talk,Stream 324
325,171,2025-04-05 19:32:49,2025-04-05 20:54:49,Art,Stream 325
326,171,2025-03-16 15:51:40,2025-03-16 18:23:40,Sports,Stream 326
327,174,2025-04-29 03:12:05,2025-04-29 06:47:05,Talk,Stream 327
328,174,2025-06-15 22:08:22,2025-06-16 01:47:22,Music,Stream 328
329,174,2025-06-16 07:26:19,2025-06-16 09:20:19,Gaming,Stream 329
330,174,2025-01-14 01:43:38,2025-01-14 02:53:38,Cooking,Stream 330
331,174,2025-09-12 10:54:57,2025-09-12 14:54:57,Cooking,Stream 331
332,174,2025-06-09 19:36:22,2025-06-09 22:19:22,Sports,Stream 332
333,174,2025-09-22 18:49:59,2025-09-22 22:00:59,Tech,Stream 333
334,174,2025-08-09 14:10:54,2025-08-09 16:13:54,Talk,Stream 334
335,174,2025-01-21 21:39:11,2025-01-22 00:37:11,Talk,Stream 335
336,174,2025-08-20 00:22:40,2025-08-20 03:20:40,Gaming,Stream 336
337,175,2025-04-28 03:36:11,2025-04-28 05:25:11,Talk,Stream 337
338,175,2025-09-14 14:35:45,2025-09-14 17:26:45,Cooking,Stream 338
339,175,2025-03-20 06:51:09,2025-03-20 08:43:09,Sports,Stream 339
340,175,2025-07-25 16:01:33,2025-07-25 19:22:33,Cooking,Stream 340
341,175,2025-06-25 19:18:06,2025-06-25 22:34:06,Art,Stream 341
342,175,2025-02-17 06:12:56,2025-02-17 07:49:56,Talk,Stream 342
343,175,2025-07-07 02:44:01,2025-07-07 06:20:01,Talk,Stream 343
344,175,2025-09-20 06:23:34,2025-09-20 06:56:34,Tech,Stream 344
345,175,2025-05-31 12:30:04,2025-05-31 16:05:04,Cooking,Stream 345
346,178,2025-03-22 19:04:49,2025-03-22 20:23:49,Art,Stream 346
347,178,2025-09-19 07:33:56,2025-09-19 09:47:56,Music,Stream 347
348,178,2025-07-31 06:38:28,2025-07-31 06:58:28,Tech,Stream 348
349,178,2025-02-24 12:51:32,2025-02-24 15:21:32,Tech,Stream 349
350,178,2025-01-22 14:58:45,2025-01-22 15:05:45,Art,Stream 350
351,178,2025-01-02 11:10:05,2025-01-02 14:16:05,Tech,Stream 351
352,178,2025-01-03 11:05:05,2025-01-03 12:51:05,Art,Stream 352
353,180,2025-01-08 01:04:30,2025-01-08 01:59:30,Music,Stream 353
354,180,2025-09-12 20:08:35,2025-09-12 22:38:35,Talk,Stream 354
355,187,2025-09-21 05:13:57,2025-09-21 07:45:57,Music,Stream 355
356,187,2025-07-30 21:54:31,2025-07-30 22:30:31,Music,Stream 356
357,187,2025-03-22 18:52:30,2025-03-22 22:11:30,Cooking,Stream 357
358,187,2025-02-24 01:03:25,2025-02-24 01:33:25,Gaming,Stream 358
359,187,2025-03-29 19:01:24,2025-03-29 21:11:24,Art,Stream 359
360,187,2025-08-28 22:19:07,2025-08-29 00:14:07,Art,Stream 360
361,187,2025-02-01 23:40:09,2025-02-01 23:48:09,Tech,Stream 361
362,187,2025-06-15 05:14:24,2025-06-15 08:22:24,Music,Stream 362
363,187,2025-07-01 10:01:43,2025-07-01 10:49:43,Gaming,Stream 363
364,187,2025-05-17 22:53:24,2025-05-17 23:23:24,Art,Stream 364
365,187,2025-02-02 12:42:10,2025-02-02 13:36:10,Sports,Stream 365
366,194,2025-07-17 00:42:42,2025-07-17 01:00:42,Music,Stream 366
367,194,2025-07-22 21:12:50,2025-07-23 00:32:50,Gaming,Stream 367
368,194,2025-08-14 01:59:14,2025-08-14 04:42:14,Music,Stream 368
369,194,2025-05-08 08:06:55,2025-05-08 08:22:55,Music,Stream 369
370,194,2025-03-30 11:27:40,2025-03-30 11:33:40,Art,Stream 370
371,194,2025-08-22 11:03:23,2025-08-22 12:55:23,Cooking,Stream 371
372,194,2025-05-10 18:02:32,2025-05-10 18:24:32,Music,Stream 372
373,194,2025-07-19 21:17:33,2025-07-19 22:18:33,Sports,Stream 373
374,194,2025-06-08 14:30:45,2025-06-08 18:19:45,Tech,Stream 374
375,194,2025-09-06 00:48:59,2025-09-06 04:15:59,Art,Stream 375
376,195,2025-02-14 06:18:56,2025-02-14 07:06:56,Talk,Stream 376
377,195,2025-07-14 06:47:31,2025-07-14 06:53:31,Talk,Stream 377
378,195,2025-07-22 20:26:41,2025-07-22 22:03:41,Gaming,Stream 378
379,195,2025-06-21 19:25:59,2025-06-21 23:13:59,Sports,Stream 379
380,196,2025-07-26 23:42:44,2025-07-27 00:03:44,Gaming,Stream 380
381,196,2025-08-05 12:47:18,2025-08-05 15:13:18,Music,Stream 381
382,196,2025-07-18 06:57:40,2025-07-18 09:01:40,Talk,Stream 382
383,196,2025-06-26 08:38:06,2025-06-26 10:34:06,Gaming,Stream 383
384,196,2025-05-23 00:55:14,2025-05-23 02:27:14,Art,Stream 384
385,196,2025-03-21 08:48:13,2025-03-21 11:53:13,Music,Stream 385
386,197,2025-04-11 09:49:05,2025-04-11 12:13:05,Art,Stream 386
387,197,2025-03-07 20:12:21,2025-03-07 22:10:21,Sports,Stream 387
388,200,2025-03-23 13:23:43,2025-03-23 14:58:43,Music,Stream 388
389,200,2025-07-27 13:43:20,2025-07-27 16:29:20,Cooking,Stream 389
390,200,2025-04-17 10:49:21,2025-04-17 12:55:21,Cooking,Stream 390
391,200,2025-04-15 08:16:29,2025-04-15 12:00:29,Sports,Stream 391
392,202,2025-03-09 09:29:38,2025-03-09 12:06:38,Sports,Stream 392
393,202,2025-07-08 19:27:59,2025-07-08 20:35:59,Sports,Stream 393
394,202,2025-09-19 07:44:18,2025-09-19 08:21:18,Art,Stream 394
395,202,2025-03-04 18:40:43,2025-03-04 19:08:43,Cooking,Stream 395
396,202,2025-05-19 14:00:38,2025-05-19 14:12:38,Tech,Stream 396
397,202,2025-03-16 11:18:55,2025-03-16 11:26:55,Sports,Stream 397
398,202,2025-02-14 06:26:45,2025-02-14 09:49:45,Art,Stream 398
399,202,2025-04-29 11:41:18,2025-04-29 12:34:18,Tech,Stream 399
400,202,2025-02-25 02:28:43,2025-02-25 04:56:43,Talk,Stream 400
401,202,2025-09-14 10:48:42,2025-09-14 11:42:42,Gaming,Stream 401
402,202,2025-06-09 03:12:06,2025-06-09 04:14:06,Talk,Stream 402
403,209,2025-07-24 10:16:50,2025-07-24 11:52:50,Sports,Stream 403
404,209,2025-08-26 22:51:57,2025-08-27 02:41:57,Tech,Stream 404
405,209,2025-03-09 10:04:04,2025-03-09 10:54:04,Gaming,Stream 405
406,210,2025-06-29 15:01:16,2025-06-29 15:12:16,Tech,Stream 406
407,210,2025-08-25 09:02:41,2025-08-25 12:43:41,Sports,Stream 407
408,210,2025-06-30 22:53:41,2025-06-30 23:23:41,Music,Stream 408
409,210,2025-05-30 04:11:43,2025-05-30 05:25:43,Cooking,Stream 409
410,210,2025-04-23 01:28:22,2025-04-23 03:16:22,Gaming,Stream 410
411,210,2025-03-24 15:40:53,2025-03-24 16:35:53,Art,Stream 411
412,214,2025-03-21 13:51:44,2025-03-21 17:05:44,Gaming,Stream 412
413,214,2025-06-09 22:55:04,2025-06-10 01:43:04,Music,Stream 413
414,214,2025-04-27 20:45:32,2025-04-27 22:57:32,Tech,Stream 414
415,214,2025-09-24 09:16:25,2025-09-24 11:12:25,Tech,Stream 415
416,214,2025-06-28 00:02:07,2025-06-28 00:35:07,Art,Stream 416
417,217,2025-05-27 01:33:50,2025-05-27 05:22:50,Art,Stream 417
418,217,2025-01-25 08:54:01,2025-01-25 11:53:01,Gaming,Stream 418
419,217,2025-01-20 11:35:53,2025-01-20 12:33:53,Art,Stream 419
420,217,2025-06-26 03:08:10,2025-06-26 04:59:10,Tech,Stream 420
421,217,2025-07-21 22:24:12,2025-07-22 02:01:12,Music,Stream 421
422,217,2025-05-24 19:11:57,2025-05-24 19:39:57,Talk,Stream 422
423,217,2025-08-06 16:06:46,2025-08-06 17:38:46,Tech,Stream 423
424,217,2025-09-15 22:52:06,2025-09-16 01:37:06,Sports,Stream 424
425,217,2025-09-18 01:58:37,2025-09-18 04:56:37,Tech,Stream 425
426,217,2025-04-16 15:35:44,2025-04-16 18:32:44,Cooking,Stream 426
427,217,2025-03-07 17:49:21,2025-03-07 21:09:21,Music,Stream 427
428,218,2025-05-14 06:21:16,2025-05-14 08:45:16,Music,Stream 428
429,220,2025-05-01 19:48:14,2025-05-01 20:59:14,Music,Stream 429
430,220,2025-01-31 06:07:06,2025-01-31 07:43:06,Talk,Stream 430
431,220,2025-07-30 03:22:09,2025-07-30 04:18:09,Tech,Stream 431
432,220,2025-06-09 04:59:41,2025-06-09 05:38:41,Tech,Stream 432
433,220,2025-09-07 17:34:38,2025-09-07 18:39:38,Tech,Stream 433
434,220,2025-05-04 00:12:50,2025-05-04 02:28:50,Tech,Stream 434
435,220,2025-08-16 04:50:45,2025-08-16 07:39:45,Talk,Stream 435
436,220,2025-06-03 04:51:24,2025-06-03 08:42:24,Tech,Stream 436
437,220,2025-03-14 21:23:31,2025-03-14 23:52:31,Music,Stream 437
438,220,2025-06-20 22:54:56,2025-06-21 02:27:56,Gaming,Stream 438
439,220,2025-08-06 06:09:38,2025-08-06 09:07:38,Tech,Stream 439
440,224,2025-08-25 14:47:08,2025-08-25 18:24:08,Music,Stream 440
441,224,2025-02-28 10:32:04,2025-02-28 10:40:04,Talk,Stream 441
442,224,2025-09-07 07:30:57,2025-09-07 07:46:57,Gaming,Stream 442
443,225,2025-06-05 07:10:36,2025-06-05 07:43:36,Tech,Stream 443
444,225,2025-06-08 16:18:42,2025-06-08 16:51:42,Music,Stream 444
445,225,2025-06-16 16:12:16,2025-06-16 18:16:16,Cooking,Stream 445
446,225,2025-07-05 10:32:26,2025-07-05 11:20:26,Cooking,Stream 446
447,225,2025-02-06 01:39:34,2025-02-06 01:46:34,Sports,Stream 447
448,228,2025-02-12 12:04:39,2025-02-12 15:18:39,Cooking,Stream 448
449,228,2025-05-16 03:57:40,2025-05-16 06:47:40,Sports,Stream 449
450,228,2025-08-11 17:46:48,2025-08-11 18:39:48,Art,Stream 450
451,228,2025-06-14 00:18:08,2025-06-14 01:54:08,Gaming,Stream 451
452,228,2025-05-27 22:51:19,2025-05-28 01:33:19,Tech,Stream 452
453,228,2025-05-09 23:46:39,2025-05-10 00:53:39,Gaming,Stream 453
454,228,2025-03-12 01:00:26,2025-03-12 01:11:26,Art,Stream 454
455,228,2025-07-22 05:17:03,2025-07-22 06:37:03,Talk,Stream 455
456,229,2025-09-27 06:08:00,2025-09-27 06:39:00,Art,Stream 456
457,229,2025-06-08 22:27:24,2025-06-08 23:55:24,Sports,Stream 457
458,229,2025-04-05 23:34:03,2025-04-06 03:10:03,Talk,Stream 458
459,233,2025-04-28 13:25:03,2025-04-28 14:04:03,Cooking,Stream 459
460,233,2025-07-09 09:13:53,2025-07-09 10:19:53,Gaming,Stream 460
461,233,2025-01-22 03:54:15,2025-01-22 06:24:15,Art,Stream 461
462,233,2025-07-26 01:50:25,2025-07-26 02:50:25,Sports,Stream 462
463,233,2025-08-05 18:11:14,2025-08-05 21:23:14,Music,Stream 463
464,233,2025-06-03 21:56:27,2025-06-04 00:29:27,Tech,Stream 464
465,234,2025-03-14 08:16:58,2025-03-14 09:02:58,Music,Stream 465
466,234,2025-08-15 23:11:00,2025-08-16 00:58:00,Gaming,Stream 466
467,236,2025-08-14 17:27:16,2025-08-14 18:20:16,Music,Stream 467
468,239,2025-07-10 00:06:07,2025-07-10 00:19:07,Art,Stream 468
469,239,2025-09-19 15:29:23,2025-09-19 16:10:23,Talk,Stream 469
470,239,2025-02-06 02:00:48,2025-02-06 04:16:48,Tech,Stream 470
471,239,2025-08-04 12:19:49,2025-08-04 12:40:49,Sports,Stream 471
472,239,2025-01-05 06:25:05,2025-01-05 10:21:05,Tech,Stream 472
473,239,2025-03-26 13:47:33,2025-03-26 15:07:33,Gaming,Stream 473
474,239,2025-08-15 20:30:42,2025-08-15 23:27:42,Talk,Stream 474
475,239,2025-04-11 17:04:11,2025-04-11 17:30:11,Cooking,Stream 475
476,239,2025-06-15 18:48:55,2025-06-15 20:50:55,Sports,Stream 476
477,239,2025-03-21 14:36:47,2025-03-21 17:16:47,Cooking,Stream 477
478,239,2025-02-11 02:11:05,2025-02-11 05:21:05,Tech,Stream 478
479,239,2025-06-19 22:10:42,2025-06-20 01:03:42,Talk,Stream 479
480,247,2025-08-04 13:25:18,2025-08-04 15:33:18,Tech,Stream 480
481,247,2025-03-12 10:53:51,2025-03-12 14:39:51,Talk,Stream 481
482,247,2025-01-15 06:52:32,2025-01-15 07:53:32,Tech,Stream 482
483,247,2025-08-18 03:06:08,2025-08-18 03:48:08,Tech,Stream 483
484,247,2025-07-10 20:12:08,2025-07-10 22:45:08,Sports,Stream 484
485,247,2025-07-04 19:17:45,2025-07-04 20:23:45,Cooking,Stream 485
486,247,2025-08-14 14:25:49,2025-08-14 15:36:49,Gaming,Stream 486
487,247,2025-04-27 06:34:18,2025-04-27 10:26:18,Music,Stream 487
488,247,2025-02-27 08:03:20,2025-02-27 11:48:20,Art,Stream 488
489,247,2025-05-10 23:39:14,2025-05-11 00:08:14,Music,Stream 489
490,248,2025-05-09 17:48:50,2025-05-09 18:51:50,Cooking,Stream 490
491,248,2025-08-23 08:14:54,2025-08-23 10:37:54,Cooking,Stream 491
492,248,2025-02-27 18:41:04,2025-02-27 22:38:04,Cooking,Stream 492
493,248,2025-02-11 14:51:20,2025-02-11 17:49:20,Gaming,Stream 493
494,248,2025-08-14 04:53:20,2025-08-14 08:39:20,Cooking,Stream 494
495,248,2025-09-17 04:10:22,2025-09-17 06:55:22,Tech,Stream 495
496,248,2025-09-21 03:43:01,2025-09-21 05:45:01,Art,Stream 496
497,248,2025-07-20 19:49:02,2025-07-20 20:37:02,Music,Stream 497
498,248,2025-09-01 03:23:24,2025-09-01 04:03:24,Talk,Stream 498
499,249,2025-01-30 14:43:19,2025-01-30 15:48:19,Gaming,Stream 499
500,249,2025-07-10 01:31:10,2025-07-10 01:39:10,Tech,Stream 500
501,249,2025-04-20 16:44:14,2025-04-20 18:05:14,Gaming,Stream 501
502,249,2025-03-11 15:30:33,2025-03-11 19:27:33,Gaming,Stream 502
503,249,2025-04-14 20:29:48,2025-04-14 21:03:48,Tech,Stream 503
504,249,2025-07-01 06:07:00,2025-07-01 07:45:00,Tech,Stream 504
505,249,2025-06-24 00:25:26,2025-06-24 04:01:26,Talk,Stream 505
506,249,2025-03-04 08:42:45,2025-03-04 10:22:45,Cooking,Stream 506
507,249,2025-09-26 12:59:47,2025-09-26 16:08:47,Sports,Stream 507
508,249,2025-01-23 21:59:00,2025-01-23 23:34:00,Gaming,Stream 508
509,250,2025-06-17 21:57:23,2025-06-17 22:30:23,Gaming,Stream 509
510,250,2025-05-05 09:16:11,2025-05-05 10:51:11,Music,Stream 510
511,250,2025-08-17 00:46:29,2025-08-17 04:25:29,Cooking,Stream 511
512,250,2025-08-14 04:08:06,2025-08-14 07:35:06,Gaming,Stream 512
513,250,2025-09-07 04:01:12,2025-09-07 04:24:12,Art,Stream 513
514,250,2025-05-13 06:44:43,2025-05-13 07:27:43,Cooking,Stream 514
515,251,2025-07-14 05:15:06,2025-07-14 07:50:06,Talk,Stream 515
516,251,2025-05-18 16:10:07,2025-05-18 16:18:07,Gaming,Stream 516
517,251,2025-06-25 05:29:43,2025-06-25 07:38:43,Cooking,Stream 517
518,251,2025-09-05 01:09:07,2025-09-05 04:38:07,Art,Stream 518
519,251,2025-01-19 02:42:58,2025-01-19 03:33:58,Cooking,Stream 519
520,252,2025-07-20 17:19:18,2025-07-20 18:04:18,Tech,Stream 520
521,252,2025-08-18 14:19:25,2025-08-18 15:22:25,Art,Stream 521
522,252,2025-09-22 02:45:46,2025-09-22 04:22:46,Talk,Stream 522
523,252,2025-09-28 07:52:32,2025-09-28 09:16:32,Music,Stream 523
524,252,2025-01-23 07:41:46,2025-01-23 08:29:46,Art,Stream 524
525,252,2025-07-04 17:01:50,2025-07-04 18:30:50,Cooking,Stream 525
526,252,2025-08-28 14:07:20,2025-08-28 15:42:20,Talk,Stream 526
527,252,2025-01-04 12:12:55,2025-01-04 14:45:55,Sports,Stream 527
528,252,2025-06-20 08:15:03,2025-06-20 08:25:03,Music,Stream 528
529,252,2025-08-24 22:09:38,2025-08-24 22:25:38,Tech,Stream 529
530,252,2025-03-16 05:13:48,2025-03-16 06:27:48,Sports,Stream 530
531,254,2025-02-02 18:12:16,2025-02-02 19:24:16,Talk,Stream 531
532,254,2025-09-28 21:16:40,2025-09-28 21:56:40,Tech,Stream 532
533,254,2025-01-18 20:24:42,2025-01-19 00:20:42,Art,Stream 533
534,254,2025-02-18 07:15:15,2025-02-18 10:38:15,Sports,Stream 534
535,254,2025-02-20 13:12:47,2025-02-20 16:39:47,Talk,Stream 535
536,257,2025-03-14 02:37:21,2025-03-14 03:59:21,Art,Stream 536
537,257,2025-06-24 13:12:13,2025-06-24 15:27:13,Art,Stream 537
538,257,2025-05-06 12:45:31,2025-05-06 16:33:31,Cooking,Stream 538
539,257,2025-07-27 12:10:34,2025-07-27 12:30:34,Tech,Stream 539
540,265,2025-06-15 17:31:46,2025-06-15 19:44:46,Talk,Stream 540
541,265,2025-05-05 08:32:57,2025-05-05 10:06:57,Music,Stream 541
542,265,2025-03-11 07:28:37,2025-03-11 07:34:37,Art,Stream 542
543,265,2025-08-21 14:44:41,2025-08-21 16:43:41,Sports,Stream 543
544,265,2025-06-04 06:09:00,2025-06-04 08:44:00,Gaming,Stream 544
545,265,2025-03-15 10:58:36,2025-03-15 14:07:36,Talk,Stream 545
546,274,2025-06-24 02:40:33,2025-06-24 06:40:33,Music,Stream 546
547,274,2025-02-10 21:17:47,2025-02-10 22:07:47,Talk,Stream 547
548,274,2025-06-30 17:02:04,2025-06-30 18:38:04,Art,Stream 548
549,274,2025-08-08 02:27:59,2025-08-08 06:06:59,Sports,Stream 549
550,274,2025-06-13 06:22:48,2025-06-13 07:37:48,Talk,Stream 550
551,276,2025-01-12 05:59:29,2025-01-12 08:44:29,Talk,Stream 551
552,276,2025-05-02 00:43:50,2025-05-02 01:43:50,Gaming,Stream 552
553,276,2025-07-24 16:18:29,2025-07-24 17:14:29,Cooking,Stream 553
554,276,2025-05-25 18:16:27,2025-05-25 21:06:27,Gaming,Stream 554
555,276,2025-04-11 08:48:04,2025-04-11 12:00:04,Gaming,Stream 555
556,276,2025-03-08 21:52:57,2025-03-08 22:09:57,Gaming,Stream 556
557,276,2025-02-07 20:57:09,2025-02-07 22:29:09,Tech,Stream 557
558,276,2025-03-11 00:11:01,2025-03-11 01:04:01,Talk,Stream 558
559,276,2025-01-08 23:17:51,2025-01-09 00:44:51,Gaming,Stream 559
560,278,2025-06-14 11:53:47,2025-06-14 15:40:47,Tech,Stream 560
561,278,2025-01-14 23:37:36,2025-01-15 01:46:36,Sports,Stream 561
562,278,2025-06-22 06:21:12,2025-06-22 06:40:12,Art,Stream 562
563,278,2025-08-01 01:39:19,2025-08-01 02:06:19,Tech,Stream 563
564,280,2025-06-21 17:59:56,2025-06-21 20:37:56,Sports,Stream 564
565,280,2025-05-12 16:52:15,2025-05-12 20:40:15,Gaming,Stream 565
566,280,2025-01-14 11:32:15,2025-01-14 14:01:15,Tech,Stream 566
567,280,2025-06-10 02:02:22,2025-06-10 03:53:22,Cooking,Stream 567
568,280,2025-06-18 05:42:16,2025-06-18 06:10:16,Gaming,Stream 568
569,280,2025-03-21 07:39:48,2025-03-21 08:20:48,Cooking,Stream 569
570,280,2025-02-16 13:01:43,2025-02-16 16:34:43,Talk,Stream 570
571,280,2025-08-05 12:31:42,2025-08-05 14:53:42,Tech,Stream 571
572,280,2025-03-20 23:56:01,2025-03-21 02:35:01,Cooking,Stream 572
573,280,2025-06-19 08:22:26,2025-06-19 11:36:26,Cooking,Stream 573
574,284,2025-09-02 01:09:06,2025-09-02 04:32:06,Tech,Stream 574
575,284,2025-06-08 23:43:31,2025-06-09 03:05:31,Cooking,Stream 575
576,284,2025-08-21 20:21:48,2025-08-21 21:37:48,Talk,Stream 576
577,284,2025-09-25 19:17:00,2025-09-25 20:32:00,Music,Stream 577
578,284,2025-05-10 00:19:44,2025-05-10 02:46:44,Sports,Stream 578
579,285,2025-07-05 05:28:58,2025-07-05 08:13:58,Music,Stream 579
580,285,2025-07-25 03:16:24,2025-07-25 03:28:24,Cooking,Stream 580
581,291,2025-03-04 02:11:26,2025-03-04 04:35:26,Cooking,Stream 581
582,291,2025-04-15 20:12:57,2025-04-15 23:36:57,Music,Stream 582
583,291,2025-05-13 22:03:59,2025-05-13 23:41:59,Tech,Stream 583
584,294,2025-04-01 05:54:04,2025-04-01 08:14:04,Gaming,Stream 584
585,294,2025-06-29 08:49:56,2025-06-29 10:47:56,Art,Stream 585
586,294,2025-09-13 07:45:36,2025-09-13 10:32:36,Talk,Stream 586
587,296,2025-08-24 07:43:19,2025-08-24 09:10:19,Art,Stream 587
588,296,2025-01-14 03:55:30,2025-01-14 06:48:30,Tech,Stream 588
589,296,2025-01-08 02:22:57,2025-01-08 05:53:57,Tech,Stream 589
590,296,2025-07-25 12:46:04,2025-07-25 13:06:04,Music,Stream 590
591,296,2025-07-12 14:55:30,2025-07-12 18:52:30,Sports,Stream 591
592,296,2025-04-25 01:07:04,2025-04-25 02:16:04,Gaming,Stream 592
593,296,2025-05-15 15:47:38,2025-05-15 16:53:38,Music,Stream 593
594,299,2025-04-15 11:52:15,2025-04-15 15:11:15,Sports,Stream 594
595,299,2025-05-23 10:51:59,2025-05-23 14:41:59,Sports,Stream 595
596,299,2025-04-21 20:44:08,2025-04-22 00:11:08,Music,Stream 596
597,299,2025-09-02 09:43:52,2025-09-02 13:00:52,Music,Stream 597
598,299,2025-06-03 10:17:16,2025-06-03 10:44:16,Talk,Stream 598
599,299,2025-01-03 17:40:42,2025-01-03 21:28:42,Music,Stream 599
600,300,2025-06-13 22:13:07,2025-06-14 00:50:07,Sports,Stream 600
601,300,2025-04-19 21:05:20,2025-04-19 21:23:20,Art,Stream 601
602,300,2025-04-18 13:07:13,2025-04-18 13:23:13,Art,Stream 602
