subscription_id,user_id,plan_type,started_at,ended_at,status
1,1,pro,2023-12-05 05:29:32,,active
2,3,pro,2024-08-23 02:06:42,,active
3,4,pro,2023-02-17 03:07:45,,active
4,7,pro,2024-10-22 22:50:38,,active
5,8,pro,2024-08-27 21:19:08,2025-07-31 21:19:08,churned
6,9,pro,2023-08-15 01:41:45,2024-08-21 01:41:45,churned
7,11,pro,2024-08-10 11:13:53,,active
8,12,pro,2023-05-05 21:10:31,2024-04-12 21:10:31,churned
9,13,pro,2024-02-14 03:32:50,,active
10,14,pro,2024-08-25 02:10:12,2025-03-13 02:10:12,churned
11,15,pro,2024-06-17 19:21:33,,active
12,16,pro,2024-05-13 21:19:10,,active
13,19,enterprise,2025-07-12 12:30:20,,active
14,22,pro,2023-06-22 17:48:09,,active
15,23,pro,2024-11-19 02:49:33,,active
16,24,pro,2023-12-30 12:44:58,,active
17,26,enterprise,2023-10-18 17:15:41,,active
18,27,enterprise,2023-03-19 11:16:20,,active
19,28,enterprise,2023-11-05 14:02:46,,active
20,30,pro,2024-09-26 04:15:47,,active
21,32,pro,2024-02-12 14:14:02,2024-05-24 14:14:02,churned
22,33,pro,2023-06-24 16:21:15,,active
23,34,pro,2025-07-11 04:59:07,,active
24,37,enterprise,2023-06-30 08:26:43,2024-04-25 08:26:43,churned
25,38,pro,2023-01-18 17:39:25,,active
26,41,pro,2023-05-21 18:46:06,2023-11-22 18:46:06,churned
27,42,pro,2024-04-14 20:21:44,2025-04-30 20:21:44,churned
28,45,pro,2023-03-16 07:36:03,,active
29,46,pro,2023-04-30 12:22:51,,active
30,47,pro,2023-04-18 00:00:30,,active
31,49,pro,2023-03-26 07:34:16,,active
32,51,pro,2024-10-03 13:15:31,,active
33,52,pro,2023-05-14 17:46:12,,active
34,54,enterprise,2023-05-03 12:28:29,,active
35,55,pro,2024-05-23 05:52:40,,active
36,58,enterprise,2024-10-31 03:18:48,,active
37,60,pro,2025-03-14 08:06:41,,active
38,61,pro,2024-10-20 08:07:14,2025-08-05 08:07:14,churned
39,62,pro,2025-04-14 08:42:57,,active
40,63,pro,2023-07-30 18:50:47,,active
41,71,pro,2025-05-05 04:21:56,,active
42,72,pro,2024-05-07 06:29:59,,active
43,73,pro,2023-04-15 14:24:43,,active
44,74,enterprise,2025-01-31 03:05:30,,active
45,76,enterprise,2024-08-27 16:56:34,,active
46,77,pro,2024-10-01 21:41:41,2025-07-19 21:41:41,churned
47,78,pro,2023-06-17 19:58:33,,active
48,79,enterprise,2023-02-19 00:31:06,,active
49,80,pro,2024-06-23 05:04:11,,active
50,82,pro,2023-08-23 10:39:59,2024-02-27 10:39:59,churned
51,85,pro,2025-07-26 12:52:51,,active
52,88,pro,2025-03-28 06:40:00,2026-03-19 06:40:00,churned
53,90,enterprise,2024-05-16 22:32:26,2025-05-31 22:32:26,churned
54,92,pro,2025-03-19 03:51:47,,active
55,94,pro,2025-03-23 03:33:31,,active
56,96,pro,2023-12-05 22:18:05,,active
57,97,pro,2024-12-29 10:05:31,,active
58,98,enterprise,2024-06-17 09:01:00,,active
59,105,pro,2023-09-08 03:25:37,,active
60,110,pro,2024-07-27 16:41:58,,active
61,111,pro,2024-02-27 12:04:10,,active
62,115,pro,2025-03-11 04:43:01,,active
63,116,pro,2024-03-02 05:26:17,,active
64,118,pro,2023-03-17 06:40:31,2023-10-14 06:40:31,churned
65,119,enterprise,2023-10-31 00:36:46,,active
66,122,pro,2023-01-28 12:20:53,,active
67,123,pro,2025-08-16 09:45:08,,active
68,124,enterprise,2023-03-11 19:11:03,,active
69,130,enterprise,2023-01-26 00:40:16,2023-08-05 00:40:16,churned
70,132,enterprise,2023-05-02 23:58:07,,active
71,133,pro,2024-11-03 18:01:20,,active
72,134,enterprise,2024-06-14 11:12:21,,active
73,137,enterprise,2023-01-29 02:34:29,,active
74,139,pro,2024-12-02 13:52:02,,active
75,140,enterprise,2024-09-15 08:49:07,,active
76,143,pro,2024-02-06 11:58:33,2024-09-16 11:58:33,churned
77,146,pro,2024-02-21 03:03:15,,active
78,150,pro,2024-09-04 01:31:01,,active
79,151,enterprise,2023-11-22 11:04:37,2024-02-04 11:04:37,churned
80,152,pro,2023-04-09 21:19:13,2023-08-23 21:19:13,churned
81,153,pro,2024-11-22 21:43:12,2025-08-20 21:43:12,churned
82,155,enterprise,2025-02-02 22:31:35,,active
83,156,enterprise,2023-03-09 18:40:37,,active
84,158,enterprise,2025-05-15 21:15:54,2025-08-01 21:15:54,churned
85,161,pro,2025-05-22 16:26:04,,active
86,162,enterprise,2024-10-29 00:41:09,,active
87,164,enterprise,2025-03-28 02:33:09,,active
88,171,enterprise,2023-10-04 23:43:17,,active
89,173,pro,2024-05-22 02:12:30,,active
90,174,enterprise,2024-11-27 03:37:24,,active
91,176,pro,2024-05-07 16:57:46,,active
92,179,pro,2024-04-20 02:47:02,,active
93,183,enterprise,2023-05-26 21:58:04,,active
94,184,enterprise,2025-07-14 04:06:08,,active
95,185,pro,2023-09-03 18:07:39,,active
96,187,pro,2024-12-18 16:24:42,,active
97,188,pro,2025-02-07 05:07:22,2025-04-29 05:07:22,churned
98,191,enterprise,2023-05-30 07:07:36,,active
99,193,pro,2023-04-03 14:18:18,,active
100,198,pro,2025-03-31 13:35:35,2025-08-23 13:35:35,churned
101,199,pro,2025-04-21 22:58:12,2025-08-03 22:58:12,churned
102,202,pro,2024-05-28 01:46:59,,active
103,203,pro,2023-06-27 17:11:30,,active
104,206,enterprise,2024-05-27 20:17:29,2025-05-30 20:17:29,churned
105,207,enterprise,2023-05-28 06:05:32,,active
106,208,pro,2023-04-06 07:34:06,,active
107,209,pro,2024-08-01 08:00:39,,active
108,210,pro,2025-03-13 16:22:57,2025-05-30 16:22:57,churned
109,212,pro,2023-06-30 12:27:00,,active
110,215,pro,2025-02-08 15:01:44,2025-09-25 15:01:44,churned
111,219,pro,2024-12-22 18:19:41,2025-03-25 18:19:41,churned
112,221,pro,2024-03-03 23:30:45,,active
113,223,pro,2024-04-01 17:13:52,,active
114,224,pro,2023-01-30 02:39:46,,active
115,226,pro,2023-07-08 05:32:11,,active
116,227,pro,2025-04-30 23:34:09,,active
117,232,pro,2023-11-23 19:05:38,,active
118,235,enterprise,2023-11-08 11:31:05,,active
119,237,enterprise,2023-02-07 14:59:36,,active
120,239,pro,2025-07-06 23:33:45,,active
121,240,enterprise,2023-09-27 08:17:43,,active
122,242,enterprise,2023-02-04 12:18:29,,active
123,244,enterprise,2025-04-11 10:38:07,2026-01-15 10:38:07,churned
124,248,pro,2024-10-16 18:03:00,,active
125,249,pro,2025-07-08 08:07:51,,active
126,250,pro,2025-07-25 02:03:14,,active
127,254,enterprise,2024-04-30 11:26:22,2024-11-17 11:26:22,churned
128,256,pro,2023-07-20 23:45:20,,active
129,257,enterprise,2023-02-24 11:21:11,,active
130,261,pro,2025-07-10 04:30:14,,active
131,263,enterprise,2023-04-26 01:47:36,,active
132,264,pro,2023-08-09 13:34:12,2024-06-22 13:34:12,churned
133,266,pro,2023-02-13 22:59:53,2023-03-25 22:59:53,churned
134,267,pro,2025-04-24 22:46:13,,active
135,268,pro,2024-01-26 01:16:08,,active
136,270,pro,2025-02-04 02:17:18,,active
137,273,enterprise,2023-01-12 21:41:02,,active
138,275,pro,2025-01-10 16:57:25,,active
139,276,pro,2025-08-13 15:39:12,2026-03-23 15:39:12,churned
140,278,enterprise,2025-04-18 11:02:36,,active
141,280,pro,2024-04-18 13:10:29,2024-06-10 13:10:29,churned
142,281,pro,2024-06-24 07:11:02,,active
143,283,pro,2024-05-31 20:07:09,2024-12-31 20:07:09,churned
144,286,pro,2023-04-29 15:19:49,,active
145,288,enterprise,2024-05-11 22:35:04,,active
146,289,enterprise,2025-02-20 19:36:30,,active
147,294,pro,2023-07-07 10:14:37,2023-12-27 10:14:37,churned
148,295,pro,2023-12-30 02:21:34,,active
149,296,pro,2023-09-22 18:28:16,2024-08-11 18:28:16,churned
150,297,enterprise,2024-11-15 03:39:38,,active
151,299,pro,2025-07-15 08:24:52,,active
