user_id,email,created_at,plan_type,country_code
1,user1@example.com,2023-11-28 05:29:32,pro,GB
2,user2@example.com,2023-03-16 19:30:39,free,ES
3,user3@example.com,2024-08-19 02:06:42,pro,FR
4,user4@example.com,2023-02-08 03:07:45,pro,IT
5,user5@example.com,2023-03-13 08:45:44,free,IT
6,user6@example.com,2023-03-02 20:35:15,free,FR
7,user7@example.com,2024-10-07 22:50:38,pro,GB
8,user8@example.com,2024-08-13 21:19:08,pro,GB
9,user9@example.com,2023-08-15 01:41:45,pro,DE
10,user10@example.com,2023-10-24 15:15:37,free,US
11,user11@example.com,2024-08-07 11:13:53,pro,DE
12,user12@example.com,2023-04-16 21:10:31,pro,FR
13,user13@example.com,2024-01-17 03:32:50,pro,US
14,user14@example.com,2024-07-31 02:10:12,pro,FR
15,user15@example.com,2024-05-23 19:21:33,pro,ES
16,user16@example.com,2024-04-21 21:19:10,pro,ES
17,user17@example.com,2023-11-03 09:02:41,free,FR
18,user18@example.com,2023-03-25 20:54:50,free,NL
19,user19@example.com,2025-06-15 12:30:20,enterprise,NL
20,user20@example.com,2023-10-22 22:10:17,free,US
21,user21@example.com,2024-06-08 15:13:24,free,ES
22,user22@example.com,2023-06-05 17:48:09,pro,GB
23,user23@example.com,2024-11-15 02:49:33,pro,ES
24,user24@example.com,2023-12-15 12:44:58,pro,NL
25,user25@example.com,2024-08-16 16:36:35,free,US
26,user26@example.com,2023-10-04 17:15:41,enterprise,US
27,user27@example.com,2023-03-04 11:16:20,enterprise,NL
28,user28@example.com,2023-10-19 14:02:46,enterprise,ES
29,user29@example.com,2023-01-24 16:48:35,free,DE
30,user30@example.com,2024-09-17 04:15:47,pro,GB
31,user31@example.com,2023-08-12 10:27:54,free,FR
32,user32@example.com,2024-02-12 14:14:02,pro,US
33,user33@example.com,2023-06-20 16:21:15,pro,BG
34,user34@example.com,2025-06-23 04:59:07,pro,BG
35,user35@example.com,2024-12-24 15:07:13,free,IT
36,user36@example.com,2023-08-25 05:29:41,free,DE
37,user37@example.com,2023-06-04 08:26:43,enterprise,FR
38,user38@example.com,2023-01-13 17:39:25,pro,DE
39,user39@example.com,2023-09-27 10:15:53,free,DE
40,user40@example.com,2024-03-05 19:27:49,free,ES
41,user41@example.com,2023-05-09 18:46:06,pro,GB
42,user42@example.com,2024-04-12 20:21:44,pro,IT
43,user43@example.com,2024-02-13 14:20:58,free,NL
44,user44@example.com,2024-10-11 14:34:46,free,FR
45,user45@example.com,2023-03-10 07:36:03,pro,DE
46,user46@example.com,2023-04-23 12:22:51,pro,GB
47,user47@example.com,2023-04-15 00:00:30,pro,DE
48,user48@example.com,2024-07-03 03:41:39,free,GB
49,user49@example.com,2023-03-14 07:34:16,pro,IT
50,user50@example.com,2023-06-02 23:05:53,free,ES
51,user51@example.com,2024-09-08 13:15:31,pro,US
52,user52@example.com,2023-04-29 17:46:12,pro,NL
53,user53@example.com,2024-05-10 11:21:15,free,DE
54,user54@example.com,2023-04-15 12:28:29,enterprise,BG
55,user55@example.com,2024-05-05 05:52:40,pro,GB
56,user56@example.com,2023-07-30 19:13:59,free,DE
57,user57@example.com,2024-12-07 19:46:34,free,BG
58,user58@example.com,2024-10-20 03:18:48,enterprise,BG
59,user59@example.com,2024-06-14 13:21:04,free,ES
60,user60@example.com,2025-03-01 08:06:41,pro,ES
61,user61@example.com,2024-10-13 08:07:14,pro,FR
62,user62@example.com,2025-04-05 08:42:57,pro,FR
63,user63@example.com,2023-07-24 18:50:47,pro,ES
64,user64@example.com,2025-01-18 01:03:18,free,BG
65,user65@example.com,2024-04-28 09:26:10,free,ES
66,user66@example.com,2024-04-02 12:43:32,free,US
67,user67@example.com,2023-08-14 03:43:09,free,NL
68,user68@example.com,2023-07-21 12:17:47,free,NL
69,user69@example.com,2024-10-01 22:13:08,free,NL
70,user70@example.com,2025-07-20 23:46:27,free,US
71,user71@example.com,2025-05-04 04:21:56,pro,FR
72,user72@example.com,2024-05-04 06:29:59,pro,ES
73,user73@example.com,2023-03-30 14:24:43,pro,IT
74,user74@example.com,2025-01-31 03:05:30,enterprise,DE
75,user75@example.com,2023-06-24 04:37:31,free,DE
76,user76@example.com,2024-08-27 16:56:34,enterprise,DE
77,user77@example.com,2024-09-18 21:41:41,pro,ES
78,user78@example.com,2023-06-09 19:58:33,pro,DE
79,user79@example.com,2023-01-22 00:31:06,enterprise,US
80,user80@example.com,2024-06-23 05:04:11,pro,FR
81,user81@example.com,2025-04-25 07:41:01,free,BG
82,user82@example.com,2023-08-06 10:39:59,pro,FR
83,user83@example.com,2025-02-21 21:21:05,free,BG
84,user84@example.com,2024-07-11 15:15:20,free,GB
85,user85@example.com,2025-07-20 12:52:51,pro,IT
86,user86@example.com,2025-04-26 18:15:52,free,DE
87,user87@example.com,2024-06-20 18:35:18,free,NL
88,user88@example.com,2025-03-06 06:40:00,pro,GB
89,user89@example.com,2025-03-05 05:27:14,free,DE
90,user90@example.com,2024-04-29 22:32:26,enterprise,US
91,user91@example.com,2024-07-23 02:14:54,free,NL
92,user92@example.com,2025-03-14 03:51:47,pro,GB
93,user93@example.com,2023-09-12 06:57:54,free,GB
94,user94@example.com,2025-03-01 03:33:31,pro,NL
95,user95@example.com,2024-07-29 01:00:52,free,NL
96,user96@example.com,2023-11-30 22:18:05,pro,FR
97,user97@example.com,2024-12-10 10:05:31,pro,NL
98,user98@example.com,2024-06-03 09:01:00,enterprise,BG
99,user99@example.com,2025-08-02 20:22:16,free,NL
100,user100@example.com,2023-05-21 15:10:09,free,IT
101,user101@example.com,2024-03-28 11:30:16,free,FR
102,user102@example.com,2024-03-14 02:39:44,free,BG
103,user103@example.com,2025-03-13 04:27:16,free,ES
104,user104@example.com,2023-05-27 09:12:55,free,NL
105,user105@example.com,2023-08-13 03:25:37,pro,NL
106,user106@example.com,2023-06-16 08:08:42,free,IT
107,user107@example.com,2024-06-11 14:42:08,free,IT
108,user108@example.com,2023-07-20 12:59:02,free,US
109,user109@example.com,2025-01-09 13:19:26,free,ES
110,user110@example.com,2024-07-21 16:41:58,pro,GB
111,user111@example.com,2024-01-29 12:04:10,pro,BG
112,user112@example.com,2024-06-08 02:20:26,free,FR
113,user113@example.com,2025-06-16 03:48:53,free,BG
114,user114@example.com,2023-10-06 01:26:28,free,BG
115,user115@example.com,2025-02-12 04:43:01,pro,BG
116,user116@example.com,2024-02-20 05:26:17,pro,NL
117,user117@example.com,2024-12-18 11:54:26,free,BG
118,user118@example.com,2023-02-28 06:40:31,pro,US
119,user119@example.com,2023-10-03 00:36:46,enterprise,US
120,user120@example.com,2025-03-31 09:29:11,free,FR
121,user121@example.com,2023-03-10 09:37:42,free,NL
122,user122@example.com,2023-01-12 12:20:53,pro,IT
123,user123@example.com,2025-08-06 09:45:08,pro,DE
124,user124@example.com,2023-02-14 19:11:03,enterprise,FR
125,user125@example.com,2023-04-23 05:52:41,free,GB
126,user126@example.com,2023-07-05 07:20:46,free,BG
127,user127@example.com,2024-06-27 07:29:43,free,NL
128,user128@example.com,2024-05-27 06:28:37,free,ES
129,user129@example.com,2025-04-02 00:39:40,free,GB
130,user130@example.com,2023-01-16 00:40:16,enterprise,FR
131,user131@example.com,2024-06-10 17:17:07,free,NL
132,user132@example.com,2023-04-19 23:58:07,enterprise,IT
133,user133@example.com,2024-11-03 18:01:20,pro,IT
134,user134@example.com,2024-06-02 11:12:21,enterprise,FR
135,user135@example.com,2023-08-24 12:28:38,free,DE
136,user136@example.com,2024-02-19 12:39:14,free,DE
137,user137@example.com,2023-01-15 02:34:29,enterprise,BG
138,user138@example.com,2024-03-17 05:56:37,free,US
139,user139@example.com,2024-11-12 13:52:02,pro,BG
140,user140@example.com,2024-09-05 08:49:07,enterprise,BG
141,user141@example.com,2023-02-16 16:43:41,free,DE
142,user142@example.com,2023-10-03 16:13:55,free,BG
143,user143@example.com,2024-01-08 11:58:33,pro,ES
144,user144@example.com,2023-09-08 01:15:15,free,FR
145,user145@example.com,2024-01-01 06:39:40,free,ES
146,user146@example.com,2024-01-26 03:03:15,pro,BG
147,user147@example.com,2024-05-29 23:53:05,free,FR
148,user148@example.com,2024-05-31 00:10:48,free,BG
149,user149@example.com,2025-04-16 03:16:04,free,IT
150,user150@example.com,2024-08-23 01:31:01,pro,GB
151,user151@example.com,2023-11-03 11:04:37,enterprise,FR
152,user152@example.com,2023-03-28 21:19:13,pro,DE
153,user153@example.com,2024-11-04 21:43:12,pro,ES
154,user154@example.com,2025-01-07 17:59:34,free,BG
155,user155@example.com,2025-01-11 22:31:35,enterprise,DE
156,user156@example.com,2023-02-14 18:40:37,enterprise,IT
157,user157@example.com,2025-01-21 18:24:22,free,GB
158,user158@example.com,2025-04-26 21:15:54,enterprise,FR
159,user159@example.com,2023-03-29 01:08:04,free,DE
160,user160@example.com,2024-10-14 13:07:58,free,IT
161,user161@example.com,2025-05-05 16:26:04,pro,GB
162,user162@example.com,2024-10-04 00:41:09,enterprise,FR
163,user163@example.com,2024-05-16 09:36:15,free,NL
164,user164@example.com,2025-03-27 02:33:09,enterprise,US
165,user165@example.com,2024-11-06 19:09:02,free,NL
166,user166@example.com,2023-09-16 02:42:38,free,FR
167,user167@example.com,2025-01-16 07:28:18,free,NL
168,user168@example.com,2024-05-20 13:55:42,free,NL
169,user169@example.com,2025-07-21 10:27:39,free,FR
170,user170@example.com,2023-03-21 21:50:04,free,ES
171,user171@example.com,2023-09-18 23:43:17,enterprise,BG
172,user172@example.com,2024-09-28 20:40:17,free,GB
173,user173@example.com,2024-05-08 02:12:30,pro,BG
174,user174@example.com,2024-11-19 03:37:24,enterprise,FR
175,user175@example.com,2024-11-22 17:49:34,free,BG
176,user176@example.com,2024-04-20 16:57:46,pro,US
177,user177@example.com,2025-07-04 19:59:28,free,BG
178,user178@example.com,2023-03-29 17:13:09,free,BG
179,user179@example.com,2024-04-14 02:47:02,pro,NL
180,user180@example.com,2023-10-03 14:05:04,free,FR
181,user181@example.com,2023-03-18 21:10:14,free,DE
182,user182@example.com,2025-02-04 19:04:50,free,ES
183,user183@example.com,2023-05-16 21:58:04,enterprise,BG
184,user184@example.com,2025-06-27 04:06:08,enterprise,ES
185,user185@example.com,2023-08-25 18:07:39,pro,IT
186,user186@example.com,2023-01-26 05:47:29,free,NL
187,user187@example.com,2024-11-28 16:24:42,pro,BG
188,user188@example.com,2025-01-14 05:07:22,pro,ES
189,user189@example.com,2024-01-21 11:30:28,free,ES
190,user190@example.com,2023-01-02 11:48:59,free,IT
191,user191@example.com,2023-05-03 07:07:36,enterprise,GB
192,user192@example.com,2025-07-12 10:33:08,free,ES
193,user193@example.com,2023-03-08 14:18:18,pro,US
194,user194@example.com,2024-01-05 15:35:05,free,GB
195,user195@example.com,2023-10-15 03:42:11,free,BG
196,user196@example.com,2024-10-12 05:25:18,free,BG
197,user197@example.com,2024-03-22 18:36:12,free,FR
198,user198@example.com,2025-03-02 13:35:35,pro,GB
199,user199@example.com,2025-04-11 22:58:12,pro,FR
200,user200@example.com,2025-01-06 02:56:01,free,IT
201,user201@example.com,2024-04-06 22:23:18,free,BG
202,user202@example.com,2024-05-12 01:46:59,pro,DE
203,user203@example.com,2023-06-24 17:11:30,pro,ES
204,user204@example.com,2023-10-16 10:50:29,free,BG
205,user205@example.com,2024-02-20 23:53:02,free,BG
206,user206@example.com,2024-05-09 20:17:29,enterprise,IT
207,user207@example.com,2023-05-03 06:05:32,enterprise,DE
208,user208@example.com,2023-03-18 07:34:06,pro,NL
209,user209@example.com,2024-07-17 08:00:39,pro,ES
210,user210@example.com,2025-02-16 16:22:57,pro,DE
211,user211@example.com,2024-07-14 07:00:19,free,US
212,user212@example.com,2023-06-28 12:27:00,pro,US
213,user213@example.com,2023-11-23 08:42:22,free,BG
214,user214@example.com,2025-04-08 20:44:20,free,GB
215,user215@example.com,2025-02-06 15:01:44,pro,IT
216,user216@example.com,2025-02-02 19:05:03,free,IT
217,user217@example.com,2023-10-04 12:18:48,free,NL
218,user218@example.com,2023-10-12 20:54:32,free,DE
219,user219@example.com,2024-12-04 18:19:41,pro,FR
220,user220@example.com,2023-04-05 09:52:03,free,IT
221,user221@example.com,2024-02-14 23:30:45,pro,IT
222,user222@example.com,2023-11-16 00:47:38,free,GB
223,user223@example.com,2024-03-11 17:13:52,pro,NL
224,user224@example.com,2023-01-01 02:39:46,pro,NL
225,user225@example.com,2024-04-04 09:02:46,free,FR
226,user226@example.com,2023-06-08 05:32:11,pro,US
227,user227@example.com,2025-04-25 23:34:09,pro,US
228,user228@example.com,2024-07-18 01:26:23,free,DE
229,user229@example.com,2023-08-27 20:43:50,free,BG
230,user230@example.com,2023-05-12 22:48:33,free,IT
231,user231@example.com,2024-12-16 04:04:57,free,US
232,user232@example.com,2023-11-04 19:05:38,pro,FR
233,user233@example.com,2024-02-02 09:29:54,free,GB
234,user234@example.com,2023-01-11 19:34:08,free,NL
235,user235@example.com,2023-10-13 11:31:05,enterprise,FR
236,user236@example.com,2024-05-01 19:09:40,free,FR
237,user237@example.com,2023-01-30 14:59:36,enterprise,BG
238,user238@example.com,2023-02-26 00:47:35,free,NL
239,user239@example.com,2025-06-25 23:33:45,pro,US
240,user240@example.com,2023-09-21 08:17:43,enterprise,IT
241,user241@example.com,2025-08-05 13:28:45,free,NL
242,user242@example.com,2023-02-04 12:18:29,enterprise,IT
243,user243@example.com,2024-01-07 14:25:51,free,GB
244,user244@example.com,2025-03-27 10:38:07,enterprise,US
245,user245@example.com,2023-07-30 18:02:51,free,BG
246,user246@example.com,2025-02-23 07:03:39,free,NL
247,user247@example.com,2023-08-15 09:38:56,free,US
248,user248@example.com,2024-09-30 18:03:00,pro,DE
249,user249@example.com,2025-07-06 08:07:51,pro,IT
250,user250@example.com,2025-07-21 02:03:14,pro,DE
251,user251@example.com,2025-08-02 14:19:31,free,FR
252,user252@example.com,2023-01-25 21:42:15,free,IT
253,user253@example.com,2023-02-23 02:11:22,free,IT
254,user254@example.com,2024-04-05 11:26:22,enterprise,US
255,user255@example.com,2023-03-23 06:01:49,free,FR
256,user256@example.com,2023-07-09 23:45:20,pro,NL
257,user257@example.com,2023-02-02 11:21:11,enterprise,IT
258,user258@example.com,2025-05-09 13:36:45,free,NL
259,user259@example.com,2023-06-23 03:58:01,free,US
260,user260@example.com,2023-10-14 02:56:25,free,IT
261,user261@example.com,2025-06-25 04:30:14,pro,FR
262,user262@example.com,2024-01-25 12:59:04,free,IT
263,user263@example.com,2023-03-31 01:47:36,enterprise,NL
264,user264@example.com,2023-07-20 13:34:12,pro,NL
265,user265@example.com,2023-07-17 11:46:16,free,NL
266,user266@example.com,2023-02-01 22:59:53,pro,FR
267,user267@example.com,2025-04-11 22:46:13,pro,GB
268,user268@example.com,2024-01-20 01:16:08,pro,US
269,user269@example.com,2025-04-02 02:15:26,free,FR
270,user270@example.com,2025-02-04 02:17:18,pro,ES
271,user271@example.com,2024-01-07 09:54:52,free,GB
272,user272@example.com,2023-09-26 11:31:22,free,BG
273,user273@example.com,2023-01-04 21:41:02,enterprise,US
274,user274@example.com,2023-01-25 08:30:53,free,NL
275,user275@example.com,2025-01-02 16:57:25,pro,BG
276,user276@example.com,2025-07-24 15:39:12,pro,DE
277,user277@example.com,2025-08-08 18:04:42,free,GB
278,user278@example.com,2025-04-01 11:02:36,enterprise,DE
279,user279@example.com,2024-09-13 08:35:51,free,ES
280,user280@example.com,2024-04-16 13:10:29,pro,US
281,user281@example.com,2024-06-08 07:11:02,pro,DE
282,user282@example.com,2023-09-11 14:50:45,free,GB
283,user283@example.com,2024-05-08 20:07:09,pro,ES
284,user284@example.com,2023-06-14 15:31:49,free,US
285,user285@example.com,2023-09-29 22:44:27,free,FR
286,user286@example.com,2023-04-09 15:19:49,pro,NL
287,user287@example.com,2023-06-27 08:31:36,free,IT
288,user288@example.com,2024-04-16 22:35:04,enterprise,FR
289,user289@example.com,2025-02-04 19:36:30,enterprise,US
290,user290@example.com,2025-03-09 10:42:05,free,BG
291,user291@example.com,2024-08-03 09:44:43,free,BG
292,user292@example.com,2025-01-25 09:28:42,free,NL
293,user293@example.com,2023-09-11 06:45:44,free,FR
294,user294@example.com,2023-06-07 10:14:37,pro,FR
295,user295@example.com,2023-12-01 02:21:34,pro,BG
296,user296@example.com,2023-09-09 18:28:16,pro,FR
297,user297@example.com,2024-10-27 03:39:38,enterprise,NL
298,user298@example.com,2023-02-07 03:43:32,free,NL
299,user299@example.com,2025-06-23 08:24:52,pro,ES
300,user300@example.com,2023-02-11 10:41:32,free,US
